id,name,user_id,icon,color,datum_point,timeline
cCsTYDMir2,History,EoFObpf612bdJKt,Globe,#FFD970,1694981260,"[""[[212530,212540],[212994,212998],[216688,216695],[217050,217059]]"", ""[[212530,212540],[212994,212998],[216688,216695],[217050,217059]]"", ""[]"", ""[[233039,233056]]"", ""[[362015,362017]]"", ""[[362379,362382]]"", ""[[362403,362407]]"", ""[[362491,362491]]"", ""[[362533,362535]]"", ""[[362547,362550]]"", ""[[362556,362557]]"", ""[[363610,363613],[365940,365942],[365960,365962]]"", ""[[366000,366002]]"", ""[[366014,366020]]"", ""[[366052,366056],[366126,366130],[366538,366552]]"", ""[[366701,366703]]"", ""[[374445,374451]]"", ""[[374472,374473]]"", ""[[374485,374486],[374488,374490],[374494,374495]]"", ""[[374731,374736]]"", ""[[378862,378865]]"", ""[[378874,378876]]"", ""[[385649,385654],[385671,385673],[385676,385677]]"", ""[[385705,385705]]"", ""[[385763,385763]]"", ""[[385809,385809]]"", ""[[385833,385833]]"", ""[[386018,386018]]"", ""[[386130,386130]]"", ""[[386193,386193]]"", ""[[386271,386271]]"", ""[[473735,473741]]"", ""[[474098,474101]]"", ""[[474214,474219]]"", ""[[528588,528597],[528647,528651]]"", ""[[528695,528698]]"", ""[[528834,528834]]"", ""[[529356,529364],[529911,529915],[530016,530020],[530418,530426],[530462,530464],[530480,530484],[530605,530608],[530710,530714],[530728,530730],[530774,530779],[530868,530872],[531201,531205],[549137,549143],[549249,549252],[549361,549364],[549471,549473],[549537,549547],[549558,549575],[549579,549582],[549747,549751],[550615,550618],[550835,550839],[551113,551115],[551144,551148],[551177,551180],[551193,551193],[551262,551268],[552030,552032],[552197,552198],[552258,552279],[552309,552309],[552403,552405],[552415,552421],[552438,552442],[552459,552462],[552488,552491],[552494,552496],[552521,552526],[552622,552629],[552811,552836],[552921,552923],[552928,552931]]"", ""[[553042,553051],[553063,553069],[553156,553163],[553378,553382],[553422,553429],[554552,554558],[554976,554977],[554993,554996],[555700,555704],[555846,555852],[556483,556489],[556492,556499],[557201,557204],[557235,557240],[557242,557320],[557324,557358]]"", ""[[614698,614699],[616307,616311],[616451,616454],[616522,616528],[648119,648126],[648131,648135],[648148,648155]]"", ""[[653498,653504],[653506,653508],[653529,653531],[653550,653553],[653749,653753]]"", ""[[727766,727770],[728020,728023],[728047,728049],[728055,728059],[728075,728077],[728624,728624],[728639,728641],[728645,728647],[728701,728701],[728710,728711],[732116,732120],[732168,732171],[732194,732195],[732214,732231],[732352,732361],[732406,732409]]"", ""[[732793,732797]]"", ""[[733673,733673]]"", ""[[733782,733786],[733790,733795],[733802,733805]]"", ""[[804298,804305]]"", ""[[804320,804323]]"", ""[[884310,884310]]"", ""[[889593,889593]]"", ""[[890695,890695]]"", ""[[890695,890695]]"", ""[[890695,890704]]"", ""[[890695,890704]]"", ""[[890695,890704]]"", ""[[890695,890704]]"", ""[[890695,890704]]"", ""[[890695,890704],[890734,890734]]"", ""[[890695,890704],[890734,890734]]"", ""[[890695,890704],[890734,890734]]"", ""[[890695,890704],[890734,890745]]"", ""[[890695,890704],[890734,890745]]"", ""[[890695,890704],[890734,890745]]"", ""[[890695,890704],[890734,890745],[890761,890761]]"", ""[[890695,890704],[890734,890745],[890761,890769]]"", ""[[890695,890704],[890734,890745],[890761,890769]]"", ""[[890695,890704],[890734,890745],[890761,890769]]"", ""[[890695,890704],[890734,890745],[890761,890769]]"", ""[[890695,890704],[890734,890745],[890761,890769]]"", ""[[890695,890704],[890734,890745],[890761,890769]]"", ""[[890695,890704],[890734,890745],[890761,890769]]"", ""[[890695,890704],[890734,890745],[890761,890769]]"", ""[[890695,890704],[890734,890745],[890761,890769]]"", ""[[890695,890704],[890734,890745],[890761,890769]]"", ""[[890695,890704],[890734,890745],[890761,890769]]"", ""[[890695,890704],[890734,890745],[890761,890769]]"", ""[[890695,890704],[890734,890745],[890761,890769]]"", ""[[890695,890704],[890734,890745],[890761,890769]]"", ""[[890695,890704],[890734,890745],[890761,890769]]"", ""[[890695,890704],[890734,890745],[890761,890769]]"", ""[[890695,890704],[890734,890745],[890761,890769]]"", ""[[890695,890704],[890734,890745],[890761,890769]]"", ""[[890695,890704],[890734,890745],[890761,890769]]"", ""[[890695,890704],[890734,890745],[890761,890769]]"", ""[[890695,890704],[890734,890745],[890761,890769]]"", ""[[890695,890704],[890734,890745],[890761,890769]]"", ""[[890695,890704],[890734,890745],[890761,890769]]"", ""[[890695,890704],[890734,890745],[890761,890769]]"", ""[[890695,890704],[890734,890745],[890761,890769]]"", ""[[890695,890704],[890734,890745],[890761,890769]]"", ""[[890695,890704],[890734,890745],[890761,890769]]"", ""[[890695,890704],[890734,890745],[890761,890769]]"", ""[[890695,890704],[890734,890745],[890761,890769]]"", ""[[890695,890704],[890734,890745],[890761,890769]]"", ""[[890695,890704],[890734,890745],[890761,890769]]"", ""[[890695,890704],[890734,890745],[890761,890769]]"", ""[[890695,890704],[890734,890745],[890761,890769]]"", ""[[890695,890704],[890734,890745],[890761,890769]]"", ""[[890695,890704],[890734,890745],[890761,890769]]"", ""[[890695,890704],[890734,890745],[890761,890769]]"", ""[[890695,890704],[890734,890745],[890761,890769]]"", ""[[890695,890704],[890734,890745],[890761,890769]]"", ""[[890695,890704],[890734,890745],[890761,890769]]"", ""[[890695,890704],[890734,890745],[890761,890769]]"", ""[[890695,890704],[890734,890745],[890761,890769]]"", ""[[890695,890704],[890734,890745],[890761,890769]]"", ""[[890695,890704],[890734,890745],[890761,890769]]"", ""[[890695,890704],[890734,890745],[890761,890769]]"", ""[[890695,890704],[890734,890745],[890761,890769]]"", ""[[890695,890704],[890734,890745],[890761,890769]]"", ""[[890695,890704],[890734,890745],[890761,890769]]"", ""[[890695,890704],[890734,890745],[890761,890769]]"", ""[[890695,890704],[890734,890745],[890761,890769]]"", ""[[890695,890704],[890734,890745],[890761,890769]]"", ""[[890695,890704],[890734,890745],[890761,890769]]"", ""[[890695,890704],[890734,890745],[890761,890769]]"", ""[[890695,890704],[890734,890745],[890761,890769]]"", ""[[890695,890704],[890734,890745],[890761,890769]]"", ""[[890695,890704],[890734,890745],[890761,890769]]"", ""[[890695,890704],[890734,890745],[890761,890769]]"", ""[[890695,890704],[890734,890745],[890761,890769]]"", ""[[890695,890704],[890734,890745],[890761,890769]]"", ""[[890695,890704],[890734,890745],[890761,890769]]"", ""[[890695,890704],[890734,890745],[890761,890769]]"", ""[[890695,890704],[890734,890745],[890761,890769]]"", ""[[890695,890704],[890734,890745],[890761,890769]]"", ""[[890695,890704],[890734,890745],[890761,890769]]"", ""[[890695,890704],[890734,890745],[890761,890769]]"", ""[[890695,890704],[890734,890745],[890761,890769]]"", ""[[890695,890704],[890734,890745],[890761,890769]]"", ""[[890695,890704],[890734,890745],[890761,890769]]"", ""[[890695,890704],[890734,890745],[890761,890769]]"", ""[[890695,890704],[890734,890745],[890761,890769]]"", ""[[890695,890704],[890734,890745],[890761,890769]]"", ""[[890695,890704],[890734,890745],[890761,890769]]"", ""[[890695,890704],[890734,890745],[890761,890769]]"", ""[[890695,890704],[890734,890745],[890761,890769]]"", ""[[890695,890704],[890734,890745],[890761,890769]]"", ""[[890695,890704],[890734,890745],[890761,890769]]"", ""[[890695,890704],[890734,890745],[890761,890769]]"", ""[[890695,890704],[890734,890745],[890761,890769]]"", ""[[890695,890704],[890734,890745],[890761,890769],[891151,891151]]"", ""[[890695,890704],[890734,890745],[891151,891156],[890761,891156]]"", ""[[890695,890704],[890734,890745],[891151,891156],[890761,891156]]"", ""[[890695,890704],[890734,890745],[891151,891156],[890761,891156]]"", ""[[890695,890704],[890734,890745],[891151,891156],[890761,891156]]"", ""[[890695,890704],[890734,890745],[891151,891156],[890761,891156]]"", ""[[890695,890704],[890734,890745],[891151,891156],[890761,891156]]"", ""[[890695,890704],[890734,890745],[891151,891156],[890761,891156]]"", ""[[890695,890704],[890734,890745],[891151,891156],[890761,891156]]"", ""[[890695,890704],[890734,890745],[891151,891156],[890761,891156]]"", ""[[890695,890704],[890734,890745],[891151,891156],[890761,891156]]"", ""[[890695,890704],[890734,890745],[891151,891156],[890761,891156]]"", ""[[890695,890704],[890734,890745],[891151,891156],[890761,891156]]"", ""[[890695,890704],[890734,890745],[891151,891156],[890761,891156]]"", ""[[890695,890704],[890734,890745],[891151,891156],[890761,891156]]"", ""[[890695,890704],[890734,890745],[891151,891156],[890761,891156]]"", ""[[890695,890704],[890734,890745],[891151,891156],[890761,891156]]"", ""[[890695,890704],[890734,890745],[891151,891156],[890761,891156]]"", ""[[890695,890704],[890734,890745],[891151,891156],[890761,891156]]"", ""[[890695,890704],[890734,890745],[891151,891156],[890761,891156]]"", ""[[890695,890704],[890734,890745],[891151,891156],[890761,891156]]"", ""[[890695,890704],[890734,890745],[891151,891156],[890761,891156]]"", ""[[890695,890704],[890734,890745],[891151,891156],[890761,891156]]"", ""[[890695,890704],[890734,890745],[891151,891156],[890761,891156]]"", ""[[890695,890704],[890734,890745],[891151,891156],[890761,891156]]"", ""[[890695,890704],[890734,890745],[891151,891156],[890761,891156]]"", ""[[890695,890704],[890734,890745],[891151,891156],[890761,891156]]"", ""[[890695,890704],[890734,890745],[891151,891156],[890761,891156]]"", ""[[890695,890704],[890734,890745],[891151,891156],[890761,891156]]"", ""[[890695,890704],[890734,890745],[891151,891156],[890761,891156]]"", ""[[890695,890704],[890734,890745],[891151,891156],[890761,891156]]"", ""[[890695,890704],[890734,890745],[891151,891156],[890761,891156]]"", ""[[890695,890704],[890734,890745],[891151,891156],[890761,891156]]"", ""[[890695,890704],[890734,890745],[891151,891156],[890761,891156]]"", ""[[890695,890704],[890734,890745],[891151,891156],[890761,891156]]"", ""[[890695,890704],[890734,890745],[891151,891156],[890761,891156]]"", ""[[890695,890704],[890734,890745],[891151,891156],[890761,891156]]"", ""[[890695,890704],[890734,890745],[891151,891156],[890761,891156]]"", ""[[890695,890704],[890734,890745],[891151,891156],[890761,891156]]"", ""[[890695,890704],[890734,890745],[891151,891156],[890761,891156]]"", ""[[890695,890704],[890734,890745],[891151,891156],[890761,891156]]"", ""[[890695,890704],[890734,890745],[891151,891156],[890761,891156]]"", ""[[890695,890704],[890734,890745],[891151,891156],[890761,891156]]"", ""[[890695,890704],[890734,890745],[891151,891156],[890761,891156]]"", ""[[890695,890704],[890734,890745],[891151,891156],[890761,891156]]"", ""[[890695,890704],[890734,890745],[891151,891156],[890761,891156]]"", ""[[890695,890704],[890734,890745],[891151,891156],[890761,891156]]"", ""[[890695,890704],[890734,890745],[891151,891156],[890761,891156]]"", ""[[890695,890704],[890734,890745],[891151,891156],[890761,891156]]"", ""[[890695,890704],[890734,890745],[891151,891156],[890761,891156]]"", ""[[890695,890704],[890734,890745],[891151,891156],[890761,891156]]"", ""[[890695,890704],[890734,890745],[891151,891156],[890761,891156]]"", ""[[890695,890704],[890734,890745],[891151,891156],[890761,891156]]"", ""[[890695,890704],[890734,890745],[891151,891156],[890761,891156]]"", ""[[890695,890704],[890734,890745],[891151,891156],[890761,891156]]"", ""[[890695,890704],[890734,890745],[891151,891156],[890761,891156]]"", ""[[890695,890704],[890734,890745],[891151,891156],[890761,891156]]"", ""[[890695,890704],[890734,890745],[891151,891156],[890761,891156]]"", ""[[890695,890704],[890734,890745],[891151,891156],[890761,891156]]"", ""[[890695,890704],[890734,890745],[891151,891156],[890761,891156]]"", ""[[890695,890704],[890734,890745],[891151,891156],[890761,891156]]"", ""[[890695,890704],[890734,890745],[891151,891156],[890761,891156]]"", ""[[890695,890704],[890734,890745],[891151,891156],[890761,891156]]"", ""[[890695,890704],[890734,890745],[891151,891156],[890761,891156]]"", ""[[890695,890704],[890734,890745],[891151,891156],[890761,891156]]"", ""[[890695,890704],[890734,890745],[891151,891156],[890761,891156]]"", ""[[890695,890704],[890734,890745],[891151,891156],[890761,891156]]"", ""[[890695,890704],[890734,890745],[891151,891156],[890761,891156]]"", ""[[890695,890704],[890734,890745],[891151,891156],[890761,891156]]"", ""[[890695,890704],[890734,890745],[891151,891156],[890761,891156]]"", ""[[890695,890704],[890734,890745],[891151,891156],[890761,891156]]"", ""[[890695,890704],[890734,890745],[891151,891156],[890761,891156]]"", ""[[890695,890704],[890734,890745],[891151,891156],[890761,891156]]"", ""[[890695,890704],[890734,890745],[891151,891156],[890761,891156]]"", ""[[890695,890704],[890734,890745],[891151,891156],[890761,891156]]"", ""[[890695,890704],[890734,890745],[891151,891156],[890761,891156]]"", ""[[890695,890704],[890734,890745],[891151,891156],[890761,891156]]"", ""[[890695,890704],[890734,890745],[891151,891156],[890761,891156]]"", ""[[890695,890704],[890734,890745],[891151,891156],[890761,891156]]"", ""[[890695,890704],[890734,890745],[891151,891156],[890761,891156]]"", ""[[890695,890704],[890734,890745],[891151,891156],[890761,891156]]"", ""[[890695,890704],[890734,890745],[891151,891156],[890761,891156]]"", ""[[890695,890704],[890734,890745],[891151,891156],[890761,891156]]"", ""[[890695,890704],[890734,890745],[891151,891156],[890761,891156]]"", ""[[890695,890704],[890734,890745],[891151,891156],[890761,891156]]"", ""[[890695,890704],[890734,890745],[891151,891156],[890761,891156]]"", ""[[890695,890704],[890734,890745],[891151,891156],[890761,891156]]"", ""[[890695,890704],[890734,890745],[891151,891156],[890761,891156]]"", ""[[890695,890704],[890734,890745],[891151,891156],[890761,891156]]"", ""[[890695,890704],[890734,890745],[891151,891156],[890761,891156]]"", ""[[890695,890704],[890734,890745],[891151,891156],[890761,891156]]"", ""[[890695,890704],[890734,890745],[891151,891156],[890761,891156]]"", ""[[890695,890704],[890734,890745],[891151,891156],[890761,891156]]"", ""[[890695,890704],[890734,890745],[891151,891156],[890761,891156]]"", ""[[890695,890704],[890734,890745],[891151,891156],[890761,891156]]"", ""[[890695,890704],[890734,890745],[891151,891156],[890761,891156]]"", ""[[890695,890704],[890734,890745],[891151,891156],[890761,891156]]"", ""[[890695,890704],[890734,890745],[891151,891156],[890761,891156]]"", ""[[890695,890704],[890734,890745],[891151,891156],[890761,891156]]"", ""[[890695,890704],[890734,890745],[891151,891156],[890761,891156]]"", ""[[890695,890704],[890734,890745],[891151,891156],[890761,891156]]"", ""[[890695,890704],[890734,890745],[891151,891156],[890761,891156]]"", ""[[890695,890704],[890734,890745],[891151,891156],[890761,891156]]"", ""[[890695,890704],[890734,890745],[891151,891156],[890761,891156]]"", ""[[890695,890704],[890734,890745],[891151,891156],[890761,891156]]"", ""[[890695,890704],[890734,890745],[891151,891156],[890761,891156]]"", ""[[890695,890704],[890734,890745],[891151,891156],[890761,891156]]"", ""[[890695,890704],[890734,890745],[891151,891156],[890761,891156]]"", ""[[890695,890704],[890734,890745],[891151,891156],[890761,891156]]"", ""[[890695,890704],[890734,890745],[891151,891156],[890761,891156]]"", ""[[890695,890704],[890734,890745],[891151,891156],[890761,891156]]"", ""[[890695,890704],[890734,890745],[891151,891156],[890761,891156]]"", ""[[890695,890704],[890734,890745],[891151,891156],[890761,891156]]"", ""[[890695,890704],[890734,890745],[891151,891156],[890761,891156]]"", ""[[890695,890704],[890734,890745],[891151,891156],[890761,891156]]"", ""[[890695,890704],[890734,890745],[891151,891156],[890761,891156]]"", ""[[890695,890704],[890734,890745],[891151,891156],[890761,891156]]"", ""[[890695,890704],[890734,890745],[891151,891156],[890761,891156]]"", ""[[890695,890704],[890734,890745],[891151,891156],[890761,891156]]"", ""[[890695,890704],[890734,890745],[891151,891156],[890761,891156]]"", ""[[890695,890704],[890734,890745],[891151,891156],[890761,891156]]"", ""[[890695,890704],[890734,890745],[891151,891156],[890761,891156]]"", ""[[890695,890704],[890734,890745],[891151,891156],[890761,891156]]"", ""[[890695,890704],[890734,890745],[891151,891156],[890761,891156]]"", ""[[890695,890704],[890734,890745],[891151,891156],[890761,891156]]"", ""[[890695,890704],[890734,890745],[891151,891156],[890761,891156]]"", ""[[890695,890704],[890734,890745],[891151,891156],[890761,891156]]"", ""[[890695,890704],[890734,890745],[891151,891156],[890761,891156]]"", ""[[890695,890704],[890734,890745],[891151,891156],[890761,891156]]"", ""[[890695,890704],[890734,890745],[891151,891156],[890761,891156]]"", ""[[890695,890704],[890734,890745],[891151,891156],[890761,891156]]"", ""[[890695,890704],[890734,890745],[891151,891156],[890761,891156]]"", ""[[890695,890704],[890734,890745],[891151,891156],[890761,891156]]"", ""[[890695,890704],[890734,890745],[891151,891156],[890761,891156]]"", ""[[890695,890704],[890734,890745],[891151,891156],[890761,891156]]"", ""[[890695,890704],[890734,890745],[891151,891156],[890761,891156]]"", ""[[890695,890704],[890734,890745],[891151,891156],[890761,891156]]"", ""[[890695,890704],[890734,890745],[891151,891156],[890761,891156]]"", ""[[890695,890704],[890734,890745],[891151,891156],[890761,891156]]"", ""[[890695,890704],[890734,890745],[891151,891156],[890761,891156]]"", ""[[890695,890704],[890734,890745],[891151,891156],[890761,891156]]"", ""[[890695,890704],[890734,890745],[891151,891156],[890761,891156]]"", ""[[890695,890704],[890734,890745],[891151,891156],[890761,891156]]"", ""[[890695,890704],[890734,890745],[891151,891156],[890761,891156]]"", ""[[890695,890704],[890734,890745],[891151,891156],[890761,891156]]"", ""[[890695,890704],[890734,890745],[891151,891156],[890761,891156]]"", ""[[890695,890704],[890734,890745],[891151,891156],[890761,891156]]"", ""[[890695,890704],[890734,890745],[891151,891156],[890761,891156]]"", ""[[890695,890704],[890734,890745],[891151,891156],[890761,891156]]"", ""[[890695,890704],[890734,890745],[891151,891156],[890761,891156]]"", ""[[890695,890704],[890734,890745],[891151,891156],[890761,891156]]"", ""[[890695,890704],[890734,890745],[891151,891156],[890761,891156]]"", ""[[890695,890704],[890734,890745],[891151,891156],[890761,891156]]"", ""[[890695,890704],[890734,890745],[891151,891156],[890761,891156]]"", ""[[890695,890704],[890734,890745],[891151,891156],[890761,891156]]"", ""[[890695,890704],[890734,890745],[891151,891156],[890761,891156]]"", ""[[906723,906727]]"", ""[[906723,906727]]"", ""[[906723,906727]]"", ""[[906723,906727]]"", ""[[906723,906727]]"", ""[[906723,906727]]"", ""[[906723,906727]]"", ""[[906723,906727]]"", ""[[906723,906727]]"", ""[[906723,906727]]"", ""[[906723,906727]]"", ""[[906723,906727]]"", ""[[906723,906727]]"", ""[[906723,906727]]"", ""[[906723,906727]]"", ""[[906723,906727]]"", ""[[906723,906727]]"", ""[[906723,906727]]"", ""[[906723,906727]]"", ""[[907837,907841],[907846,907847]]"", ""[[908247,908253]]"", ""[[908903,908960]]"", ""[[909181,909200]]"", ""[[909298,909320]]"", ""[[909360,909380]]"", ""[[909437,909440]]"", ""[[909553,909560]]"", ""[[909639,909680]]"", ""[[909756,909759],[909760,909800]]"", ""[[910694,910700]]"", ""[[910700,910707]]"", ""[[913035,913040]]"", ""[[913040,913045]]"", ""[[913155,913160]]"", ""[[913160,913169],[913173,913186],[913191,913220]]"", ""[[913220,913228]]"", ""[[1059075,1059080]]"", ""[[1059080,1059080],[1059095,1059097],[1059104,1059107],[1059109,1059114]]"", ""[[1059264,1059270],[1059276,1059277],[1059462,1059516],[1059517,1059518],[1059523,1059528],[1059610,1059614],[1059658,1059662],[1059666,1059671],[1059675,1059682],[1059737,1059742],[1059809,1059814],[1059837,1059937],[1059943,1059948],[1060185,1060187]]"", ""[[1149358,1149374]]"", ""[[1252825,1252829]]""]"
Cj8Kbs9AII,Science,EoFObpf612bdJKt,Microscope,#FFE190,1694979507,"[""[[218788,218793],[218797,218800]]"", ""[[218788,218793],[218797,218800]]"", ""[]"", ""[[1392131,1392138]]""]"
ewEFSwbcrZ,Physics,EoFObpf612bdJKt,Microscope,#FFE190,1694981628,"[""[]"", ""[]"", ""[]""]"
gNXtlq8IGY,t4,EoFObpf612bdJKt,Microscope,#FFE190,1694982512,"[""[]"", ""[]"", ""[]""]"
izWQmCvpJu,CS,EoFObpf612bdJKt,Alert,#FFD970,1694981573,"[""[]"", ""[]"", ""[]""]"
kN7lL6GMO1,t3,EoFObpf612bdJKt,Microscope,#FFD970,1694982415,"[""[]"", ""[]"", ""[]""]"
mHXFeTXJGb,Eng,EoFObpf612bdJKt,Book,#FFE190,1694920071,"[""[]"", ""[]"", ""[]""]"
mo7qE18E0M,dd,EoFObpf612bdJKt,Article,#FFE190,1694981680,"[""[]"", ""[]"", ""[]""]"
O3ldhqWUMl,chem,EoFObpf612bdJKt,Microscope,#FFD970,1695206807,[]
sWW5LelbZu,t2,EoFObpf612bdJKt,Article,#FFE190,1694981763,"[""[]"", ""[]"", ""[]""]"
vcOHPyFLt6,Math,EoFObpf612bdJKt,Microscope,#FFE190,1694979381,"[""[]"", ""[]"", ""[]"", ""[[616903,616909]]""]"
XemA8wwJfF,Phy,EoFObpf612bdJKt,Microscope,#FFE190,1696371556,[]
zvBHvPGq5s,t,EoFObpf612bdJKt,Microscope,#FFE190,1694981653,"[""[[216669,216674]]"", ""[[216669,216674]]"", ""[]""]"